ID,NAME,Number,Street,City,State,Zip,Zip2,Full Address
330425,Dunkin' Donuts,1445,VFW Pkwy,Boston,MA,2132,02132,1445 VFW Pkwy
331041,Dunkin' Donuts,1630,Veterans of Foreign Wars Pkwy,Boston,MA,2132,02132,1630 Veterans of Foreign Wars Pkwy
331049,Dunkin' Donuts,5305,Washington St,Boston,MA,2132,02132,5305 Washington St
331073,Dunkin' Donuts,1800,Hyde Park Ave,Boston,MA,2136,02136,1800 Hyde Park Ave
331097,Dunkin' Donuts,1200,Hyde Park Ave,Boston,MA,2136,02136,1200 Hyde Park Ave
331105,Bean and Cream,680,Truman Hwy,Boston,MA,2136,02136,680 Truman Hwy
331113,Dunkin' Donuts,942,Hyde Park Ave,Boston,MA,2136,02136,942 Hyde Park Ave
331121,Dunkin' Donuts,155,Spring St,Boston,MA,2132,02132,155 Spring St
331129,Dunkin' Donuts,4610,Washington St,Boston,MA,2131,02131,4610 Washington St
331137,Starbucks,1810,Centre St,Boston,MA,2132,02132,1810 Centre St
331145,Dunkin' Donuts,1779,Centre St,Boston,MA,2132,02132,1779 Centre St
331169,Starbucks,1948,Beacon St,Boston,MA,2135,02135,1948 Beacon St
331177,Dunkin' Donuts,1955,Beacon St,Boston,MA,2135,02135,1955 Beacon St
331185,Select Cafe,2,Belgrade Ave,Boston,MA,2131,02131,2 Belgrade Ave
331193,Derna's Diner,753,South St,Boston,MA,2131,02131,753 South St
331201,Arboretum Village Coffee House,1420,Centre St,Boston,MA,2131,02131,1420 Centre St
331209,Dunkin' Donuts,4175,Washington St,Boston,MA,2131,02131,4175 Washington St
331217,Dunkin' Donuts,684,American Legion Hwy,Boston,MA,2131,02131,684 American Legion Hwy
331225,Dunkin' Donuts,7,Walk Hill St,Boston,MA,2130,02130,7 Walk Hill St
331233,Whisk,3710,Washington St,Boston,MA,2130,02130,3710 Washington St
331249,Dunkin' Donuts,757,Centre St,Boston,MA,2130,02130,757 Centre St
331257,Caffe Nero,733,Centre St,Boston,MA,2130,02130,733 Centre St
331265,Doyle's Cafe,3484,Washington St,Boston,MA,2130,02130,3484 Washington St
331273,7 Pond Coffee Bar,7,Pond St,Boston,MA,2130,02130,7 Pond St
331305,Caffe Aromi,403,Centre St,Boston,MA,2130,02130,403 Centre St
331313,Dunkin' Donuts,1621,Blue Hill Ave,Boston,MA,2126,02126,1621 Blue Hill Ave
331329,Dunkin' Donuts,895,Morton St,Boston,MA,2126,02126,895 Morton St
331337,Dunkin' Donuts,1926,Columbus Ave,Boston,MA,2119,02119,1926 Columbus Ave
331345,Dunkin' Donuts,315,Centre St,Boston,MA,2130,02130,315 Centre St
331353,Jelly Coffee Shop,284,Centre St,Boston,MA,2130,02130,284 Centre St
331361,Green T Coffee Shop,754,Huntington Ave,Boston,MA,2115,02115,754 Huntington Ave
331369,Dunkin' Donuts,1631,Tremont St,Boston,MA,2120,02120,1631 Tremont St
331377,Dunkin' Donuts,1443,Tremont St,Boston,MA,2120,02120,1443 Tremont St
331385,Dunkin' Donuts,1,Centre Pl,Boston,MA,2119,02119,1 Centre Pl
331393,Butterfly Coffee,1420,Tremont St,Boston,MA,2120,02120,1420 Tremont St
331401,Dunkin' Donuts,456,Blue Hill Ave,Boston,MA,2121,02121,456 Blue Hill Ave
331417,Dunkin' Donuts,1131,Tremont St,Boston,MA,2120,02120,1131 Tremont St
331425,Hafun Cafe,51,Roxbury St,Boston,MA,2119,02119,51 Roxbury St
331433,Dunkin' Donuts,2360,Washington St,Boston,MA,2119,02119,2360 Washington St
331441,Dunkin' Donuts,17,Melnea Cass Blvd,Boston,MA,2119,02119,17 Melnea Cass Blvd
331449,Dunkin' Donuts,850,Harrison Ave,Boston,MA,2118,02118,850 Harrison Ave
331457,Flat Black Coffee,1170,Washington St,Boston,MA,2124,02124,1170 Washington St
331465,Dunkin' Donuts,2290,Dorchester Ave,Boston,MA,2124,02124,2290 Dorchester Ave
331473,Dunkin' Donuts,2100,Dorchester Ave,Boston,MA,2124,02124,2100 Dorchester Ave
331481,Dunkin' Donuts,1931,Dorchester Ave,Boston,MA,2124,02124,1931 Dorchester Ave
331489,Dunkin' Donuts,1576,Dorchester Ave,Boston,MA,2122,02122,1576 Dorchester Ave
331497,Funtea Cafe,1460,Dorchester Ave,Boston,MA,2122,02122,1460 Dorchester Ave
331505,PS Gourmet Coffee,758,Adams St,Boston,MA,2122,02122,758 Adams St
331513,Dunkin' Donuts,719,Gallivan Blvd,Boston,MA,2122,02122,719 Gallivan Blvd
331521,Mud House,389,Neponset Ave,Boston,MA,2122,02122,389 Neponset Ave
331529,Dunkin' Donuts,545,Freeport St,Boston,MA,2122,02122,545 Freeport St
331537,Dunkin' Donuts,875,William T Morrissey Blvd,Boston,MA,2122,02122,875 William T Morrissey Blvd
331545,Dunkin' Donuts,1236,Dorchester Ave,Boston,MA,2125,02125,1236 Dorchester Ave
331553,Starbucks,7,Allstate Rd,Boston,MA,2125,02125,7 Allstate Rd
331561,Dunkin' Donuts,256,Boston St,Boston,MA,2125,02125,256 Boston St
331569,Dunkin' Donuts,510,Southampton St,Boston,MA,2127,02127,510 Southampton St
331577,Savin Scoop,107,Savin Hill Ave,Boston,MA,2125,02125,107 Savin Hill Ave
331585,Sugar Bowl,857,Dorchester Ave,Boston,MA,2125,02125,857 Dorchester Ave
331593,Dunkin' Donuts,847,Dorchester Ave,Boston,MA,2125,02125,847 Dorchester Ave
331601,Dunkin' Donuts,75,Old Colony Ave,Boston,MA,2127,02127,75 Old Colony Ave
331609,Cafe Xo,163,Old Colony Ave,Boston,MA,2127,02127,163 Old Colony Ave
331617,Starbucks,25,Gates St,Boston,MA,2127,02127,25 Gates St
331625,PS Gourmet Coffee,106,Dorchester St,Boston,MA,2127,02127,106 Dorchester St
331633,Dunkin' Donuts,482,W Broadway,Boston,MA,2127,02127,482 W Broadway
331641,Java House,541,E Broadway,Boston,MA,2127,02127,541 E Broadway
331657,Dunkin' Donuts,598,Washington St,Boston,MA,2135,02135,598 Washington St
331665,Starbucks,470,Washington St,Boston,MA,2135,02135,470 Washington St
331681,Cafenation,380,Washington St,Boston,MA,2135,02135,380 Washington St
331689,Dunkin' Donuts,350,Washington St,Boston,MA,2135,02135,350 Washington St
331697,Dunkin' Donuts,736,Cambridge St,Boston,MA,2135,02135,736 Cambridge St
331705,Allegro Coffee,15,Washington St,Boston,MA,2135,02135,15 Washington St
331713,Starbucks,1660,Soldiers Field Rd,Boston,MA,2135,02135,1660 Soldiers Field Rd
331721,Dunkin' Donuts,214,N Beacon St,Boston,MA,2135,02135,214 N Beacon St
331833,Starbucks,1304,Commonwealth Ave,Boston,MA,2134,02134,1304 Commonwealth Ave
331849,Dunkin' Donuts,210,Harvard Ave,Boston,MA,2134,02134,210 Harvard Ave
331865,Dunkin' Donuts,509,Cambridge St,Boston,MA,2134,02134,509 Cambridge St
331873,Dunkin' Donuts,60,Everett St,Boston,MA,2134,02134,60 Everett St
331881,Dunkin' Donuts,179,Brighton Ave,Boston,MA,2134,02134,179 Brighton Ave
331889,Infusions Tea Spa,110,Brighton Ave,Boston,MA,2134,02134,110 Brighton Ave
331897,Dunkin' Donuts,219,Cambridge St,Boston,MA,2134,02134,219 Cambridge St
331905,Dunkin' Donuts,209,N Harvard St,Boston,MA,2134,02134,209 N Harvard St
331945,Blue State Coffee,957,Commonwealth Ave,Boston,MA,2215,02215,957 Commonwealth Ave
331953,Dunkin' Donuts,457,Brookline Ave,Boston,MA,2215,02215,457 Brookline Ave
331961,Pret A Manger,360,Longwood Ave,Boston,MA,2215,02215,360 Longwood Ave
331969,Red Bean Coffee Roasters,350,Longwood Ave,Boston,MA,2115,02115,350 Longwood Ave
331977,Dunkin' Donuts,350,Longwood Ave,Boston,MA,2115,02115,350 Longwood Ave
332001,Starbucks,775,Commonwealth Ave,Boston,MA,2215,02215,775 Commonwealth Ave
332409,Starbucks,283,Longwood Ave,Boston,MA,2115,02115,283 Longwood Ave
332417,Starbucks,364,Brookline Ave,Boston,MA,2215,02215,364 Brookline Ave
332425,Dunkin' Donuts,330,Brookline Ave,Boston,MA,2215,02215,330 Brookline Ave
332433,Peet's Coffee & Tea,625,Huntington Ave,Boston,MA,2115,02115,625 Huntington Ave
332441,Dunkin' Donuts,1420,Boylston St,Boston,MA,2215,02215,1420 Boylston St
332449,Starbucks,1341,Boylston St,Boston,MA,2215,02215,1341 Boylston St
332457,Dunkin' Donuts,702,Commonwealth Ave,Boston,MA,2215,02215,702 Commonwealth Ave
332465,Starbucks,142,Brookline Ave,Boston,MA,2215,02215,142 Brookline Ave
332473,Dunkin' Donuts,4,Jersey St,Boston,MA,2215,02215,4 Jersey St
332481,Starbucks,595,Commonwealth Ave,Boston,MA,2215,02215,595 Commonwealth Ave
332489,New American Cafe,465,Huntington Ave,Boston,MA,2115,02115,465 Huntington Ave
332497,Dunkin' Donuts,530,Commonwealth Ave,Boston,MA,2215,02215,530 Commonwealth Ave
332569,Dunkin' Donuts,115,Forsyth St,Boston,MA,2115,02115,115 Forsyth St
332577,Dunkin' Donuts,360,Huntington Ave,Boston,MA,2115,02115,360 Huntington Ave
332585,Starbucks,346,Huntington Ave,Boston,MA,2115,02115,346 Huntington Ave
332593,Pavement Coffeehouse,44,Gainsborough St,Boston,MA,2115,02115,44 Gainsborough St
332601,Dunkin' Donuts,283,Huntington Ave,Boston,MA,2115,02115,283 Huntington Ave
332609,Allegro Coffee,15,Westland Ave,Boston,MA,2115,02115,15 Westland Ave
332617,Starbucks,273,Huntington Ave,Boston,MA,2115,02115,273 Huntington Ave
332625,Caffe Bene,333,Massachusetts Ave,Boston,MA,2115,02115,333 Massachusetts Ave
332633,Cafe Golden Horn,334,Massachusetts Ave,Boston,MA,2115,02115,334 Massachusetts Ave
332641,Farmer Horse Coffee,374,Massachusetts Ave,Boston,MA,2115,02115,374 Massachusetts Ave
332649,Pavement Coffeehouse,1096,Boylston St,Boston,MA,2215,02215,1096 Boylston St
332657,Dunkin' Donuts,153,Massachusetts Ave,Boston,MA,2115,02115,153 Massachusetts Ave
332665,Starbucks,151,Massachusetts Ave,Boston,MA,2115,02115,151 Massachusetts Ave
332673,Starbucks,350,Newbury St,Boston,MA,2115,02115,350 Newbury St
332681,Dunkin' Donuts,333,Newbury St,Boston,MA,2115,02115,333 Newbury St
332689,Starbucks,39,Dalton St,Boston,MA,2199,02199,39 Dalton St
332697,Pavement Coffeehouse,286,Newbury St,Boston,MA,2115,02115,286 Newbury St
332705,Dunkin' Donuts,270,Newbury St,Boston,MA,2116,02116,270 Newbury St
332713,Dunkin' Donuts,800,Boylston St,Boston,MA,2199,02199,800 Boylston St
332721,Dunkin' Donuts,434,Massachusetts Ave,Boston,MA,2118,02118,434 Massachusetts Ave
332729,Render Coffee,563,Columbus Ave,Boston,MA,2118,02118,563 Columbus Ave
332737,Cafe Madeleine,517,Columbus Ave,Boston,MA,2118,02118,517 Columbus Ave
332745,Dunkin' Donuts,616,Massachusetts Ave,Boston,MA,2118,02118,616 Massachusetts Ave
332753,Starbucks,627,Tremont St,Boston,MA,2118,02118,627 Tremont St
332761,Starbucks,110,Huntington Ave,Boston,MA,2116,02116,110 Huntington Ave
332769,Peet's Coffee & Tea,799,Boylston St,Boston,MA,2116,02116,799 Boylston St
332777,Capital One 360,799,Boylston St,Boston,MA,2116,02116,799 Boylston St
332785,Starbucks,755,Boylston St,Boston,MA,2116,02116,755 Boylston St
332793,Dunkin' Donuts,715,Boylston St,Boston,MA,2116,02116,715 Boylston St
332801,Starbucks,165,Newbury St,Boston,MA,2116,02116,165 Newbury St
332809,Dunkin' Donuts,145,Dartmouth,Boston,MA,2116,02116,145 Dartmouth
332817,Starbucks,185,Dartmouth St,Boston,MA,2116,02116,185 Dartmouth St
332825,Starbucks,10,Huntington Ave,Boston,MA,2116,02116,10 Huntington Ave
332833,Dunkin' Donuts,430,Stuart St,Boston,MA,2116,02116,430 Stuart St
332841,Blue Glass Cafe,200,Clarendon St,Boston,MA,2116,02116,200 Clarendon St
332849,L'Aroma Cafe,85,Newbury St,Boston,MA,2116,02116,85 Newbury St
333033,Dunkin' Donuts,99,Cambridge St,Boston,MA,2129,02129,99 Cambridge St
333089,Dunkin' Donuts,1138,Washington St,Boston,MA,2118,02118,1138 Washington St
333097,Club Cafe,209,Columbus Ave,Boston,MA,2116,02116,209 Columbus Ave
333105,Starbucks,443,Boylston St,Boston,MA,2116,02116,443 Boylston St
333113,Dunkin' Donuts,8,Park Plz,Boston,MA,2116,02116,8 Park Plz
333121,Allegro Coffee,348,Harrison Ave,Boston,MA,2118,02118,348 Harrison Ave
333129,Starbucks,821,Washington St,Boston,MA,2111,02111,821 Washington St
333137,Dunkin' Donuts,80,Boylston St,Boston,MA,2116,02116,80 Boylston St
333145,Starbucks,62,Boylston St,Boston,MA,2116,02116,62 Boylston St
333153,Dunkin' Donuts,750,Washington St,Boston,MA,2111,02111,750 Washington St
333161,Dunkin' Donuts,630,Washington St,Boston,MA,2111,02111,630 Washington St
333169,Dunkin' Donuts,16,Kneeland St,Boston,MA,2111,02111,16 Kneeland St
333177,Kneeland Cafe,75,Kneeland St,Boston,MA,2111,02111,75 Kneeland St
333185,Beantowne Coffee House,99,Kneeland St,Boston,MA,2111,02111,99 Kneeland St
333193,Bao Bao Bakery & Cafe,77,Harrison Ave,Boston,MA,2111,02111,77 Harrison Ave
333201,Dunkin' Donuts,161,Charles St,Boston,MA,2114,02114,161 Charles St
333209,Starbucks,97,Charles St,Boston,MA,2114,02114,97 Charles St
333217,Starbucks,66,Beacon St,Boston,MA,2108,02108,66 Beacon St
333225,Starbucks,222,Cambridge St,Boston,MA,2114,02114,222 Cambridge St
333233,Dunkin' Donuts,125,Nashua St,Boston,MA,2114,02114,125 Nashua St
333241,Thinking Cup,165,Tremont St,Boston,MA,2111,02111,165 Tremont St
333249,Caffe Nero,560,Washington St,Boston,MA,2111,02111,560 Washington St
333257,Boston Common Coffee,515,Washington St,Boston,MA,2111,02111,515 Washington St
333265,Dunkin' Donuts,127,Tremont St,Boston,MA,2108,02108,127 Tremont St
333273,Dunkin' Donuts,22,Beacon St,Boston,MA,2108,02108,22 Beacon St
333281,Capital Coffee House,122,Bowdoin St,Boston,MA,2108,02108,122 Bowdoin St
333289,Starbucks,12,Winter St,Boston,MA,2108,02108,12 Winter St
333297,Dunkin' Donuts,1,Summer St,Boston,MA,2110,02110,1 Summer St
333305,Dunkin' Donuts,101,Summer St,Boston,MA,2110,02110,101 Summer St
333313,Boston Coffee Exchange,101,Arch St,Boston,MA,2110,02110,101 Arch St
333321,Dunkin' Donuts,10,Winthrop Sq,Boston,MA,2110,02110,10 Winthrop Sq
333329,Boston Brewin Coffee Co,45,Bromfield St,Boston,MA,2108,02108,45 Bromfield St
333337,Starbucks,27,School St,Boston,MA,2108,02108,27 School St
333345,Dunkin' Donuts,235,Washington St,Boston,MA,2108,02108,235 Washington St
333353,Starbucks,240,Washington St,Boston,MA,2108,02108,240 Washington St
333361,Paul USA,201,Washington St,Boston,MA,2108,02108,201 Washington St
333369,Starbucks,63,Court St,Boston,MA,2108,02108,63 Court St
333377,Dunkin' Donuts,100,City Hall Plz,Boston,MA,2108,02108,100 City Hall Plz
333385,Dunkin' Donuts,106,Cambridge St,Boston,MA,2114,02114,106 Cambridge St
333393,Dunkin' Donuts,100,Cambridge St,Boston,MA,2114,02114,100 Cambridge St
333401,Dunkin' Donuts,59,Causeway St,Boston,MA,2114,02114,59 Causeway St
333409,Dunkin' Donuts,100,Legends Way,Boston,MA,2114,02114,100 Legends Way
333417,Cuppacoffee,1,Merrimac St,Boston,MA,2114,02114,1 Merrimac St
333425,Dunkin' Donuts,1,Congress St,Boston,MA,2114,02114,1 Congress St
333433,Dunkin' Donuts,180,Canal St,Boston,MA,2114,02114,180 Canal St
333449,Equal Exchange Cafe,226,Causeway St,Boston,MA,2114,02114,226 Causeway St
333457,Causeway Cafe,239,Causeway St,Boston,MA,2114,02114,239 Causeway St
333465,Anne-Marie's Place,251,Causeway St,Boston,MA,2114,02114,251 Causeway St
333473,Dunkin' Donuts,48,W Broadway,Boston,MA,2127,02127,48 W Broadway
333481,Starbucks,11,W Broadway,Boston,MA,2127,02127,11 W Broadway
333489,Juice Box,359,W Broadway,Boston,MA,2127,02127,359 W Broadway
333497,Dunkin' Donuts,711,Atlantic Ave,Boston,MA,2111,02111,711 Atlantic Ave
333513,Honey Dew Donuts,700,Atlantic Ave,Boston,MA,2111,02111,700 Atlantic Ave
333521,Starbucks,655,Atlantic Ave,Boston,MA,2111,02111,655 Atlantic Ave
333529,Dunkin' Donuts,1,South Sta,Boston,MA,2110,02110,1 South Sta
333537,Dunkin' Donuts,268,Summer St,Boston,MA,2210,02210,268 Summer St
333545,Starbucks,303,Congress St,Boston,MA,2210,02210,303 Congress St
333553,Jakes Coffee Shop,402,W Broadway,Boston,MA,2127,02127,402 W Broadway
333561,Barrington Coffee Roasting,346,Congress St,Boston,MA,2210,02210,346 Congress St
333569,Caffe Nero,368,Congress St,Boston,MA,2210,02210,368 Congress St
333577,Dunkin' Donuts,330,Congress St,Boston,MA,2210,02210,330 Congress St
333585,Dunkin' Donuts,411,D St,Boston,MA,2210,02210,411 D St
333593,Starbucks,425,Summer St,Boston,MA,2210,02210,425 Summer St
333609,Starbucks,103,Seaport Blvd,Boston,MA,2210,02210,103 Seaport Blvd
333617,Brew Cafe Boston,75,Harbor Shore Dr,Boston,MA,2210,02210,75 Harbor Shore Dr
333625,Blue State Coffee,155,Seaport Blvd,Boston,MA,2210,02210,155 Seaport Blvd
333633,Seaport Boston Hotel,1,Seaport Ln,Boston,MA,2210,02210,1 Seaport Ln
333641,Dunkin' Donuts,200,Seaport Blvd,Boston,MA,2210,02210,200 Seaport Blvd
333649,Starbucks,125,Summer St,Boston,MA,2110,02110,125 Summer St
333657,Boston Common Coffee,10,High St,Boston,MA,2110,02110,10 High St
333665,Starbucks,75,Federal St,Boston,MA,2110,02110,75 Federal St
333673,Starbucks,1,Federal St,Boston,MA,2110,02110,1 Federal St
333681,Pret A Manger,185,Franklin St,Boston,MA,2110,02110,185 Franklin St
333689,Dunkin' Donuts,230,Congress St,Boston,MA,2110,02110,230 Congress St
333697,Starbucks,211,Congress St,Boston,MA,2110,02110,211 Congress St
333705,Flat Black Coffee,260,Franklin St,Boston,MA,2110,02110,260 Franklin St
333713,Dunkin' Donuts,3,Post Office Sq,Boston,MA,2109,02109,3 Post Office Sq
333721,Starbucks,84,State St,Boston,MA,2109,02109,84 State St
333729,Piadina Cafe and Coffee Bar,75,State St,Boston,MA,2109,02109,75 State St
333737,Dunkin' Donuts,20,North St,Boston,MA,2109,02109,20 North St
333745,Red Barn Coffee Roasters,1,Faneuil Hall Sq,Boston,MA,2109,02109,1 Faneuil Hall Sq
333753,Starbucks,2,Faneuil Hall Market Pl,Boston,MA,2109,02109,2 Faneuil Hall Market Pl
333761,Dunkin' Donuts,265,Franklin St,Boston,MA,2110,02110,265 Franklin St
333769,Starbucks,45,Broad St,Boston,MA,2109,02109,45 Broad St
333777,Espresso Love,33,Broad St,Boston,MA,2109,02109,33 Broad St
333785,Dunkin' Donuts,111,State St,Boston,MA,2109,02109,111 State St
333801,Starbucks,30,Rowes Whrf,Boston,MA,2110,02110,30 Rowes Whrf
333809,Dunkin' Donuts,89,Broad St,Boston,MA,2110,02110,89 Broad St
333817,Dunkin' Donuts,70,E India Row,Boston,MA,2110,02110,70 E India Row
333825,Starbucks,296,State St,Boston,MA,2109,02109,296 State St
333833,Maria's Pastry Shop,46,Cross St,Boston,MA,2113,02113,46 Cross St
333841,Boston Common Coffee,97,Salem St,Boston,MA,2113,02113,97 Salem St
333849,Polcari's Coffee,105,Salem St,Boston,MA,2113,02113,105 Salem St
333857,Thinking Cup,236,Hanover St,Boston,MA,2113,02113,236 Hanover St
333865,Modern Pastry Shop,257,Hanover St,Boston,MA,2113,02113,257 Hanover St
333873,Caffe Vittoria,296,Hanover St,Boston,MA,2113,02113,296 Hanover St
333881,Cafe dello Sport,308,Hanover St,Boston,MA,2113,02113,308 Hanover St
333889,Starbucks,2,Atlantic Ave,Boston,MA,2110,02110,2 Atlantic Ave
333897,A&Q's Place,1,Courthouse Way,Boston,MA,2210,02210,1 Courthouse Way
333905,Starbucks,50,Northern Ave,Boston,MA,2210,02210,50 Northern Ave
333913,Allegro Coffee,51,Austin St,Boston,MA,2129,02129,51 Austin St
333921,Dunkin' Donuts,11,Austin St,Boston,MA,2129,02129,11 Austin St
333945,Style Cafe,197,8th St,Boston,MA,2129,02129,197 8th St
333953,Dunkin' Donuts,100,1st Ave,Boston,MA,2129,02129,100 1st Ave
335417,Starbucks,749,E Broadway,Boston,MA,2127,02127,749 E Broadway
335473,Margaret's Coffee Shop,11,Elkins St,Boston,MA,2127,02127,11 Elkins St
335481,Starbucks,601,Congress St,Boston,MA,2210,02210,601 Congress St
335489,Starbucks,636,Congress St,Boston,MA,2210,02210,636 Congress St
335497,Dunkin' Donuts,1,Harbor St,Boston,MA,2210,02210,1 Harbor St
335505,Starbucks,1,Harborside Dr,Boston,MA,2128,02128,1 Harborside Dr
335513,Cafe Presto,1,Hotel Dr,Boston,MA,2128,02128,1 Hotel Dr
335521,Dunkin' Donuts,100,Terminal Rd,Boston,MA,2128,02128,100 Terminal Rd
335529,Starbucks,500,Terminal Rd,Boston,MA,2128,02128,500 Terminal Rd
335537,Dunkin' Donuts,200,Terminal Rd,Boston,MA,2128,02128,200 Terminal Rd
335561,Honey Dew Donuts,14,Maverick Sq,Boston,MA,2128,02128,14 Maverick Sq
335569,Dunkin' Donuts,13,Maverick Sq,Boston,MA,2128,02128,13 Maverick Sq
335577,Dunkin' Donuts,34,William C Kelly Sq,Boston,MA,2128,02128,34 William C Kelly Sq
335585,Honey Dew Donuts,470,Meridian St,Boston,MA,2128,02128,470 Meridian St
335593,Dunkin' Donuts,15,Transportation Way,Boston,MA,2128,02128,15 Transportation Way
335649,Starbucks,500,Terminal Rd,Boston,MA,2128,02128,500 Terminal Rd
335673,Starbucks,430,William F McClellan Hwy,Boston,MA,2128,02128,430 William F McClellan Hwy
335681,Dunkin' Donuts,951,Bennington St,Boston,MA,2128,02128,951 Bennington St
